{"_default": {"1": {"Red color channel": 146.52347615086887}, "2": {"Red color channel": 68.71476968753362}, "3": {"Red color channel": 184.32392120074}}}