{
  "_default": {
    "1": { "Red color channel": 146.42805146569808 },
    "2": { "Red color channel": 68.64221927500253 },
    "3": { "Red color channel": 184.41776814590938 }
  }
}
